{"cameraMode":{"drawMode":0,"name":"Shaded","section":"Shading Mode"},"sceneLighting":false,"audioPlay":false,"sceneViewState":{"showFog":true,"showMaterialUpdate":false,"showSkybox":false,"showFlares":true,"showImageEffects":true,"showParticleSystems":true},"in2DMode":false,"pivot":{"x":-14.635339736938477,"y":4.228209018707275,"z":-17.731998443603517},"rotation":{"x":-0.05480150133371353,"y":-0.9057559967041016,"z":0.12358877807855606,"w":-0.40165746212005618},"size":1.5233244895935059,"orthographic":true}