{"cameraMode":{"drawMode":0,"name":"Shaded","section":"Shading Mode"},"sceneLighting":false,"audioPlay":false,"sceneViewState":{"showFog":true,"showMaterialUpdate":false,"showSkybox":false,"showFlares":true,"showImageEffects":true,"showParticleSystems":true},"in2DMode":false,"pivot":{"x":-1.0492316484451295,"y":2.3978638648986818,"z":-6.231822490692139},"rotation":{"x":-0.07639846205711365,"y":0.631396472454071,"z":-0.06272006779909134,"w":-0.7691345810890198},"size":0.9798764586448669,"orthographic":true}